index,name,sequence,target_reg,target_class,part_0,part_1,part_2
0,SEQ_ID_3,APLPSPHSQVKDVPLPTPHAGFDYQIGGPYQPPAGVQVVSRDHSAPAAAGLYNICYVNAFQAQPGAEKEWGDLVLRDGDGKVVMDPDWNEALLDLRTADKRSRIADKVGTWIDECAGKGYQAVEPDNYDSFTRSQGLLSARNAQDLVKLLSQRAHGKGLAIGQKNTSELASSRADNGLDFAVAEECGDQDNCAEYTQYFGNRVIVIEYTEDGLRNACDKWGAALSVVRRDRDVTPKGDSAYVRETC,1.47,0,1,0,0
1,SEQ_ID_12,AVPAPPPAGAGFDYQIGGAYTPPSGVRVVSRDHTASPAAGLYNICYVNAFQAQRGAEGEWDDDLLLRDGSGKVVYDTEWKEALLDTRTADKRRRIADKVGTWIDACADKGFQAVEPDNYDSYTRSKKLLDAADAQAFVKLLAERAHAGGLAIGQKNTVELAGNRVANGLDFAVAEECGEWDECGDYTAEFGDHVIVVEYTAAGLRKACSGFGDTLSIVRRDLDVSPKGSSSYVRETC,0.36,1,1,0,0
2,SEQ_ID_18,KPATAARATGLADFKPGVQWEICIHHPIKHDSAADLIPTKAKVWDIDMGHAQEFPNMIPMLKSAGKFVICYFNAGALQDWDDDKSKFPKEVIGHSLSYPYDSEEWYLDIRDSRVLELQTARLDIAAKIGCDAVDPDNVDAWQQDDEDPTGFKLKSSDYTNYLKNLAKYAHSIKTKDGQPLLVGQKNAPEIAEDLVSTLDFAVLESCRGNSDPNEESWPFCEDFQTYIDAGKPVLQIEYPPSVEKTGKVSASDNKYYCTAEDEDKGFSKIIKWASAQLDGWGQYCGEEPFRTPAAKY,0.6,1,0,1,0
3,SEQ_ID_21,AAVTLPPTHAGFDYQIGGAYTPPAGVTVVTRDRAAAPAAGLYNICYVNAFQVQPGEQGDWDSDLLLRDANGDVVVDEDWGEALLDLRTDAKRKRVAAKVNSWITGCKTKGYQAIEPDNYDSYTRSKKLLTASNAQAYIRLLSSHAHTQGLAIAQKNTVELAGSRTANGLDFAVAEECGQYKECGDYTAAFGNNVIVIEYNATGLSRACSGWGTKLSIVRRDVDVSPKGSSGYVRKTC,0.72,1,1,0,0
4,SEQ_ID_24,ASEAVSPPPAHAGFDYQIGGAYPPPAGVSVVSRDHTDPPAAGLYNICYVNAFQAQPGAEGDWDSDLLLHDAKGKVVYDEDWGEALLDTSTANKRQRIAEKVDGWIDDCAAKGYQAIEPDNYDSYSRSGKLLTSAEAEAYITLLSAHAHADGLAIAQKNTSELAGDRAKTGLDFAVAEECGTYDECGDYTAAFGDHVIVIEYTAKGLQKACSGWGDELSVVRRDLDVSPAGSKGYVRQTC,0.28,1,1,0,0
5,SEQ_ID_27,SDSKDSESDFEILTPVTGGNWYQPTRQTTWQWQLTNTLNSSYNVTVYDIDLFDTSPSDIQALQTEGHKVICYFSAGSFEDWRDDAAEFSSSVLGDTLDGWEDERWLDIRQSSVRDIMYARLQLAQTKGCDGVEPDNVDGYTNNSGFNLGYSDQLMFNRYLANSAHQLGLSIGLKNDLRQITDLVEYFDFAVNEQCFEYNECGYLAPFIDANKAVFNAEYESTYVDNTSARDALCNDANQRQFSTLVLPLYLDDSFRYSCLSEPF,0.52,1,0,0,1
6,SEQ_ID_33,QIALPPAGANPDYQLGGAYDPPDGVAIVARDRTADPAPGLYSICYVNAFQTQPGELADWPGELILKDASGEPVRDPDWPDEAIVDTRDAAAVAAIVTPWIDACAASGFDAVEFDNLDTYTRTDGTLTRDDNLTVATLLVRAAHDAGLAAGQKNAAEDARLLHDRAGFDFAVTEECAVWDECGAYTAVYGDAVIAVEYTDDLPRPFAAMCESDLPPSAVLRDRDLTTPGDPAYVFESCR,1.33,0,0,0,1
7,SEQ_ID_36,SGTATAPHSGHSADAPTDADRSLPPAGAVPDYQLGGAYEPAAEVGIVGRDRSAAPAPDTYSICYVNGFQTQPGELDTWDADLLLRQDGETVFDPDWPDEALLDTSTADRRERIAARIIPWIEGCADDGFAAVEFDNLDSYTRSGDALSLDDNLALAALFVDAAHGAGLAAGQKNAAEDAVVLHEQAGFDFAVTEECAVFEECGVYAAVYGTHVIDIEYSDELPRSFAEMCADTDSPASMVLRDRDLLTPDDPAYVFETCSE,1.24,0,0,0,1
8,SEQ_ID_39,GVGERPERASSSAVVASGAATADGVVLPPEGARFDYQLGGASPVPDGATVVARDSTDDPAEGAYGICYVNGFQTQPGVMWPDELLVRTADGEPLVDPGWPDEHLFDLSTEANRQAVAERQASTIDGCAASGYQAVEFDNLDSWTRSDEAFGEDDAVAFATLLVARAHAAGLATAQKNTADLGARGRDEVGYDFAVTEECDRYDECDAFTDVYGGLVFDVEYTDDLRGSIAEVCARVGELDPAPSTIVRDHDLVPADDPAHAYTAC,1.16,0,0,1,0
9,SEQ_ID_42,TDGGSDVVLPPTAGAFDYRLGEAYGEPGELDVVARDVTAQPLADAYNVCYLNGFQTQPGALPDWEDGDGGALLRDASGAVVMDPEWPDEAVLDPSTPQQRIAILAVMGPQIRDCADAGFDAVELDNLDTFLRFEGVDRDGALDLATSYVEVAHDAGLAVGQKNAADVGADAREVAGFDFAVVEECAVYDECGTYRAVYGEHVLQIEYSDTLRDRGLTVEEVCALPDRAPLTVVRDRLLVGPDDAAHEREQCPAG,0.29,1,0,1,0
10,SEQ_ID_45,APSPTPGATDREPSASTSGAVGQVGEAPAPPPAGAGLDYQLGGAYPPPDGVTVVVRDVTDSPAGAGYDVCYVNGFQTQPGEGATWLRDHPDLVLQDDGGTPVADPGWPDELLLDTSTDAARREIAQIVGGQVDACADAGFDAVEPDNLDSFTRSDGALTRDDNLALAALLIERAHARGLAIGQKNTVELGGRGPALGFDFVVTEDCAVHDECGDYAAAYGTRVLEIEYDDGPALAERLASACARGASVVGRDRDLARPREPGYAFASC,0.95,0,0,1,0
11,SEQ_ID_48,PVKVNVFSPVTDGDEASGETGRQSIVLPPFGEPLDYQLGGSYPVDEGVGIVTRDSTSEPAAGVYSICYVNGFQSQPGDDERWTADNPDLVLRDDAGQAIIDPNWPDEFILDTSTPEKRQRIVAIVGASITTCAEAGFDAIEIDNLDTYSRSDGRLDIDDNLALAALFAERAHGLALAIGQKNSAELAARGRDEAHFDFAVTEECVRFEECAAFSDVYGEAVVDIEYTDDLPGSFADVCATKDRPASTTLRDRNLVVKGDADYVFEHC,1.36,0,0,1,0
12,SEQ_ID_51,DTGPTHSAGGFPTDVVFDYQLGGGYEPTAGVGGVARDSTDSPDPDRYSICYVNGFQSQPADRDAWLAEPDLVLIDDAGEPVIDENWPDELIFDLSTDDRRARIAERVGASITRCAEAGFDAVEIDNLDSYTRSDGRLTVEDAIALATRYAGLAHDAGLLIGQKNAAELGTRGRDDVGFDFAVAEECHRFDECATYTEVYGGAVLDIEYTDDLRGTFDEVCADPQVPFSTILRDRDLRTADDPAHVFDACAR,1.19,0,1,0,0
13,SEQ_ID_57,ATTICSTKCPYTNLGSSDAVTKSDWWKPALGATWQVVLTPADDDAGPQLTDDYEVYDLDVFDVDASVFKSLQAKDKKVICYFSAGSYEDWREDCGCFKSSDLGSDLDGWEGEAWLNTDSQNVRNIMAARLDVAVEKGCNGVDPDNVDGYDNDNGLGLSESTAKSYLQFLSDEAHSRGLAIGLKNAGSIAADVVDSMEWEVNEECIAQENCEDYKTFVDAGKPVFNIEYPPEDHIDDAWTEAEIEERCAQKADASNGATKFSTVLKNHENVDEWIRTCSE,0.7,1,0,0,1
14,SEQ_ID_72,QVDVPSNFVPGVKWQIIIQNTLDPVAAVNPSDAVVWDLDLYHIARTPEIVSHLRDNNPDAILICYFNAGLAQTSDCDYDSRWNSTASNLLGNPYSPDEPQFADERWVNIKNQTARNWMKDRITLARDVGCDGVDPDNIDGYLNDEDGANGTGWNLSEGDYVSFVTELAEHAHSLTTDRGHTLLIGQKNAPELVEQVGGSLDFAVLEDCKTLNDDEDYVFCGDFQTYIADGKPVFSIEYPSTLGDTETGNCNTNGASDEQYAASCATDQGNSGFSTVLKIQGGAGELNGCTQYCSEAGPGNGVVVSPTDPDLDGRKCPSNAAPPPS,0.36,1,1,0,0
15,SEQ_ID_73,ASNVFDGLEKGTEWNICIHKPIKHDTPDDVVPHKAAVYDIAVDHARDFPGIIPAIKESGTIVLCYFNAGALQDWDADKDAFPEAAIGKTMGGDYNDEWYLDVRSQDVVELMYRRLEEAAALGCDGVDPDNVDAWAQEGEDRTGFGLTQEDYKHYLTKLAKFAHDLGPLMVGQKNAPEMAPALADVLDFAVLESCRKWEFCEDFQVYVKAGKPVFQIEYPESIMDEGELSPEDYEMYCQGDAGDAGFSKVLKRASAQLDGWTQYCGEEPFEQAVIEG,0.13,1,0,0,1
16,SEQ_ID_74,RRSCPGSGGAVKPPTTTTLLTSTVTAAAQTIETEDPEPSQGGQSGSSAFDKFKPGVKWNIVLHNPIKVDDIAALGPADTEVWDIDLGHATEFENMIPTLKKAGKFIICYFNGGAVQNWDTDKDDFPESIIGKSLGDEYEGEEFYVDVRSDEVVKIMKARLDLAAKVGCDAVDPDNVDAFYDNATGFNLDEADYVTYLTKLADYAHSIKTDSGNPLLVGQKNAPEIAPQLVGVLDFAVLEQCRGSSNPDEESWPFCPDFQPYIAAGKPVLQIEYPPSVEESDGTLSAADKEFYCGAKADDKGFSKVLKWSSPQLDGWTQFCDSDTSFTVPEDDY,0.35,1,1,0,0
17,SEQ_ID_75,GPAALPANYLSTFPLGTKWQIVLHQPIQHNGPNDFIPYDGKIWDIDLGHAESYPNMIPRLRSAKKAVICYINAGAIQSWDIDINSFPAEARGKNMGDEYTDEWWIDVRNPKVIAFMKKRLERATAAGCDGVDLDNIDAWATPEGDRTGFNLTQADYVSYMTQLGNYAHTLPTKNSGGGLAMGQKNAPELVDRLVKVLDFAVLESCLLDNFCADFQPYVKAGKHVFQIEYPESFSRSRTLSTRDNSFYCGTHSTSKTDDNFSMVLKYASWQLDGFGQFCGQKSYTTPTIRE,0.25,1,0,1,0
18,SEQ_ID_76,QAGPKVPADFKPNVAWNIILHNPIVHDSEADLIPAEAKVWDIDLGHARDYPIIPLLKSADKLVVCYFNGGAVQAWDADRDAFPEDVIGRSLAYPFEDEEWYVDIRDSRVVDIMKSRFDLAVELGCDAVDPDNVDAWAWSTDPEEDPTGFNLQPEDYAAYLNALADYAHTLTTQSGNNLLVGQKNAPDLIAAVVDNLDFAVLESCIRDDFCGQYQPYIAQGKPVLQIEYPPSVEETGSLSSEDNERFCLNAEGDDNFSKVLKFSTAQVDGWGQYCGGESWETPTFEG,0.34,1,1,0,0
19,SEQ_ID_77,QVDVPPNFAIGAKFQIVIQNTLDFEAPLAPTDAVVWDLDLYHIARHSEIVGHLRESNPDVILMCYFNAGLAQTSDCDFESRWNNSGFLGNAYDSDEFSDEFWINIKEQEARDLVKERITLARDIGCDAVDPDNIDGWWNDVDGLNGTGWNLSEADFVNFATELADHAHSLTTEKGHTMLIGQKNAPDIVEQLVGVFDFAVLEDCKTLNDDEDEDWTFCQDFQAYIAQGKPVFSIEYPSTLGDTQTGACNPGGVSPEQYAASCDNTAGNSGFSTVLKIQGDVGELNGCTQYCVEEGEDMEVVTTATDPNKDGETCPDNAVGP,0.12,1,0,1,0
20,SEQ_ID_78,QAQPKVPADFKPNVDWNIILHNPMVYQNAEPLVPAEAKVWDIDLGHALEFPEIIPLLKRNNKLVICYFNGGALQDWDDDKEDFPEAAIGKPLAYPFDDEEWYLDIRNADVVAAMKARLSTAVDAGCDAVDPDNVDAWAWGNSDDEDPTGFRLTTDDYAAYLNTLADHAHTLTTQAGNNLLVGQKNAPDLVPAVVQSLDFAVLESCRRDDFCGDFQPYIAGGKPVFQIEYPPSVEETGQLSNADNQFFCLREDDSDDDFSKILKWSTAQVDGWGQYCGGSAWETPTFEG,0.15,1,1,0,0
21,SEQ_ID_81,AGPVESAPLPSPHSQVADVPLPAPHAGFDYQIGGPYQPPAGVQVVSRDHSAPAASGLYNICYVNAFQVQPGAEKEWGDLVLRDDDGTVVMDPDWNEALLDSRTADKRSRIADKVGAWIDECAGKGYQAIEPDNYDSFTRSQGLLSARNAQDLVKLLSERAHGKGLAIGQKNTSELASSRAANGLDFAVAEECGQQDNCAEYTRYFGDRVIVIEYTEDGLRTACAKWGNTLSVVRRDRDVTPKGDSAYVRESC,2.04,0,1,0,0
22,SEQ_ID_82,AGTAESAPLPAPQSQVALPAPHAGFDYQIGGPYQPTADVQVVSRDHSVPAAAGVYNICYVNAFQAQPGAEGEWGDLVLRDGNGDVVKDPDWNEALLDLRTEDKRNRVAAKVGGWIDDCAGKGYQAVEPDNYDSFTRSHGLLSARNAQDLAKLLSSRAHGKGLAIGQKNTSELSSSRADNGLDFAVAEECGEQDNCAEYTKYFGNHVIVIEYTGDGLRNACAKWGSTLSIVQRDRDVKPKGDPAYVRETC,2.05,0,1,0,0
23,SEQ_ID_83,APAPAAFSPPPVKAGFDYQIGGAYAPPSGVRVVSRDHTAQPAAGLYNICYINAFQAQPGAEGEWGDLVLRDANGEVVMDEDWDEALLDLRTADKRQRVAAKVNAWTDGCAAKGYQAIEPDNYDSFTRSRGLLSEQDAQAYIRLLSTHAHEKGLATGQKNTSELAGNRKANGLDFAVAEECGEQDICGEFTAAFGGNVIVIEYADAGLANACDRWGGSLSIVRRDRDVVPAGASGYVRKTC,1.77,0,1,0,0
24,SEQ_ID_84,AETVVLPPVHASFDYQIGGAYEPDKGVQVVTRDVKESPAKDLYNICYVNAFQTQQEGDVSGPQDWDKDLLLTGKNGEPVIDPDWDEVILDISEDGKRERIAQQIDKQIDQCDTKGFDAVELDNYDTYDRDVVDGALTAQDAQAYIRLLSAHAHAKGLAVGQKNTVELAGNHKANGLDFAVAEECGNPKWKECGKYVSAFGDHAIFIEYTEEGLRNACAYGDRVSVVMRDMDVSEPDSEDYVRETC,0.18,1,1,0,0
25,SEQ_ID_85,ATGTAPPHATVTAPPVTAGFDYQIGGAYTPPSQVRVVSRDHTAQPAAGLYNICYVNAFQAQPGAEGEWGDLLLRDANGNVVMDEDWGEGLLDLRTADKRQRVAAKVNVWVDDCATKGFQAIEPDNYDSFTRSKGLLSDSDAQAYIRVLSAHAHKKGLAVGQKNTSELAGQRQANGLDFAVAEECGDQNKCGEYTPAFGDHVIVIEYTDAGLRTACDRWGGSLSIVRRDHGVAPAGASGYVRKTC,1.89,0,0,1,0
26,SEQ_ID_86,TESAGGITLPPSDGLFDYQLGGGYEPGDDVSVVTRDSTDEPADARYSICYVNGFQTQPGAEWPATLILHDSEGAPLADPGWPDEYLLDISTPEKRTEAAAQQAATIADCADRGFQAVEFDNLDSWTRSEGALTEADAVAFAMMLVGAAHHQGMAASQKNSAEMTAAGKNDIGFDFVTVEECDLFDECDEFTSAYGDQVFDIEYTDDLRGTFADVCARDATPARTILRDRDLVTPDNPAYVYEYC,1.42,0,0,0,1
27,SEQ_ID_87,QSPPPHDPPAGPQLPPAGGHLDYQLGGAFDPPSGVDIVVRDRAAAPVDELYSVCYVNGFQTQPGELDAWPDELLLRDDEGEPVTDPDWPDEVILDTRKADEIAKIVGPWIRDCASDGFDAVEFDNLDTYTRTDGALSRDDALNLANLLVDTAHDLGLAAGQKNAAEDASLLHSRAGFDFAVVEECAAYEECSAYTEVYGDHVLAIEYTDNLPRPWDEVCADPETPESVVLRDRDLVTSDDPAYVFETCG,1.67,0,0,0,1
28,SEQ_ID_88,VELPPEGGFDYQLGGAYPPPEGVTTVVRDSTAEPAPGLYSVCYVNGFQTQPDELDRWLEEDPDLVLRDEDGEPVVDPGWPDERILDTSTGERRERIAEILTESIDRCADAGFDAVEFDNLDSYLRSGEALTVDDNLALASVLVGVAHGRGLAAAQKNTAEEAGRGHDEVGFDLAVTESCAAWHECGAYTGVYGSGNVLAVEYPEELAEAALDFDVVCADPERPDRVLLRDAALVPSSDPEHLFEAC,0.66,1,0,0,1
29,SEQ_ID_89,ETAPHSAHSTDAPAGDDWALPPAGAVPDYQLGGAYEPAAEVGIVGRDRSADPASDTYSICYVNGFQTQPGELDTWDADLLLQHDGDTVFDPDWPDEALLDTSTADRRERIAAQIIPWIEGCADDGFAAVEFDNLDSYTRSGDALSLDDNLALATLFVDAAHGAGLAAGQKNAAEDAVQLHAQAGFDFAVTEECAVFEECDVYATVYGDHVIDIEYSDELPRSFADMCADPDSPASMVLRDRDLVTPDDPAYVFETCGE,1.54,0,0,1,0
30,SEQ_ID_90,ADSREDDQASPTPTGSTYLIATSDTVTLPPFGEPADYQLGGSYDVDADVKIVTRDSTSEPAEGVYSICYVNGFQSQPGDDERWVVDNPDLVLRDDGGEAIIDPNWPDEFILDTSTPEKRQRISRMNGASIEACADRGFDAVEIDNLDTYSRSEGRLSIDDNLALAKLFADRAHGRAMAIGQKNSAELGDRGRSVANFDFAVTEECFRFEECGAYADVYGSAVIDIEYTDDLPVPFDEVCASDDRPATTILRDRDLVAKGEPDYVFEHC,1.47,0,1,0,0
31,SEQ_ID_91,AAPSRDAGFPASLVFDYQLGGGYAPAAGVGGVVRDSTDVAEPGLYSICYVNGFQSQPADRDSWLAEPDLVLIGDDGQPLIDDNWPDELIFDISADDQRERIAARVGERIAVCGRNGFSAVEIDNLDSYTRSDGRLTEDDAIALATLYAQTAHDAGLLIGQKNAAEIGPRGRDEAGFDFAVAEECVAFEECSAYRDVYGDAVVDIEYTDNLPSGFDAACAVDDRPHSTILRDRDLVPADDADHVFQACPA,1.54,0,0,1,0
32,SEQ_ID_92,APGPVSLPPTDGTFDYQLGGTYTPPGGLDVVVRDATAEPAEGAYNICYVNGFQTQPGDDRWLDHEDLLLHDGEGQVAVDPDWPDEYVLDPSTARQREQILALVGPAVTGCADAGFDAVELDNLDTWTRFDDPATGAIDPAGALALAAAYVELAHSAGLAVGQKNAAEIAATARDDLGFDFAIAEECLAYDECGAYTAAYGEHVLVVEYPDTLGTPFEEACAGSGALPLTILRDRVLAAPGDAGYVRRQC,1.41,0,0,0,1
33,SEQ_ID_93,SPHAASSSSSGTSTNLPTAGIPDYQLGGGYTPASGVTIVERDSTDRPAPGKYGICYVNGFQTQPEDADTWLDRHPDAVLRDDDGDPVSDPGWPDEMLLDTSTAAKRAEIVDVLTTSIERCADRGFDAVEFDNLDSWTRSDGALTRAGNLALAASLVRVGHEHGLAVGQKNTPQLGASGRKTTGFDFVVAEECVHYQECAAYTKAYGAHVIDVEYSDDVGRSWSSVCADEDRPAMTILRDRDLVTPSQEGYVFEHC,1.27,0,0,0,1
34,SEQ_ID_94,AEQPADPAADGAHAFPAGAEFDYQLGAAYALPAGVTMVTRDRTAEPEPGAYSICYLNGFQTQPGEIDDWPEDAILRIDGEVRTDPDWPDEALLDIATKSGREIVIDRVSTWIDGCRDAGFQAVEFDNLDTFTRSDGAIGREDAAAVATALVAAAHDAGLAAGQKNAAEHAVWLRAEAGFDFAVSEECAAFDECGTYTEVYGDAVMDIEYTDALPRPFDEVCGDAATPQATILRDRALVAPDDPDYVFEVC,1.3,0,0,0,1
35,SEQ_ID_95,APPTTEPSAPSTATASPSLFAAGAVADYQLGGAYEPDASVTVVVRDAGQEPLAGAYSICYLNGFQSQPGESWPSELLLRDAEGDPVIDANWPDETLLDIRTASNRAAIAERLAPLIEDCAGKGFVAVEFDNLDSYTRSEGTLEREQAVAMATLFVQLGHSSGLAVAQKNSAELLGEAASAIGFDFAIVEECDQYSECGDFTDFYGDAVIDVEYTDELRRPFTEVCADAATPPITMLRDRDLTPPGSAEYTFEHC,1.01,0,0,0,1
36,SEQ_ID_96,GEPTPVALPPAGGAPDYQLGGAYDPDPRVEIVARDRSDEPAPGLYSICYLNGFQTQPGERDDWPDDLVLRVDGADVIDPDWPDEALLDTRGAQNRAAIAERITGFIEGCAAAGFDAVEFDNLDTYTRSSGMLDAGDNLALAAVLVDAAHAVGLAAAQKNAAEDAPRLRVEAGFDFAVVEECAVFDECGAYTDVYGEHVIAIEYTDAMPRPFADLCADDALPASLVLRDRDLTTPGDPAYAFTLC,1.46,0,0,1,0
37,SEQ_ID_97,APVSARRRGACKPAALYSASSSASFLSTSSPLSETSKGITTVVTAAPTPGQGNGTVTTTTQAVATNTGISTSVAAVSNFKPGVTWDICIHYPIKHDSVDDLIPAEATVWDIDLTHAHEFPNMIPMLKKAGKFVICYFNAGARQTFDDDKDLFPTEVIGKSLSYPYDDEEAYVDIRDDRVLDIMKARLDSAVEVGCDAVDPDNVDAWAQDGTDPTGFSLKSSDYVTYLKNLAAYAHSVKTQEGQPLLVGQKNAPEIAADLVSTLDFAVLEQCRGSSDSSEESYAFCSDFQTYIDAGKPVLQIEYPPSVSESDGTLSSSDESFYCNAEDDDKGFSKVLKWASAQLDGWGQYCGGKSFRTVEAEYE,0.11,1,0,1,0
38,SEQ_ID_99,RCKGECLVDARAMTAKAKQTTPSASPFELSDFKPGVEWEIVLHQPIKHESAADLIPTTAKVWDIDMGHARDYPEMIPLLKSAGKFIVCYFNAGAVQSWDEDKDQFPEAAVGHSLAYPYDSEEWYLDIRDPTVLRVQRARLDVAAKVGCDAVDPDNVDAWQQNEEDPTGFKLKPSDYATYLKDLAEYTHSIKTKDGNPLLIGQKNAPEIAEDLVSTLDFAVLESCRGTTNPEEESWPFCEDFQIYVDAGKPVLQIEYPPSVEKTGKLSSSDKTFYCTPKDEDQGFSKIIKWASAQLDGWGQYCGGEPFRTPVIKE,0.18,1,0,0,1
39,SEQ_ID_101,TFTKGQKWQIILLGTPDVSKMPLPPTDAPVWDIDLFDSAASDIRTLKDAGKIVICYFSAGTREDWRDDAKDFPAGDQGKVLPEWPNEKWIRVGSTKIREIMAKRIKLAADKGCDAIDPDNTDGYQNDNGLNLKNTDAIDYMRWMQKTAEGYGMKIGLKNSIDILDTISSIMDFAVNEQCAQHSECTAYDKFLASGKPVFHIEYPTPLNQNQADGIYCKGPGTNGMSTVLKEMALTGVTIYCDKSQVNTPTRSGNSPPRPSVPPRSSTTRPPISSTSRSSSTLTPSSIATPTTTSIPDTTLISSTTPRPSSTPRPSTTPRPSSSSRTSSSQRPTSSAPGGCRSKHWDQCGGQDWKGCTVCESPYTCKAVSAPWYYQCL,0.18,1,0,1,0
40,SEQ_ID_102,KPAAAASSAFFELSDFKPGVEWEIVLHQPIKHDTVADLIPSKAKVWDIDMGHGRDYPEMIPLLKGAGKFVICYFNAGALQSWDKDIKQFPDAVIGHSLAYPYDSEEWYLDIRDSTVLKLQKARLDVAAKIGCDAVDPDNVDAWQQDGEDPTGFKLKPSDYTKYLKNLAEYAHSIKTKDGNRLLVGQKNAPEVAEDLVSTLDFAVLESCRGTTDPDEENWPFCEDFQTYIDAGKPVLQIEYPPSVEKTGKLSSSDNAYYCTPKGEDKGFSKILKWASAQLDGWGQFCGEDPFHTPVINE,0.8,1,0,1,0
41,SEQ_ID_103,EPAATASSPSSFGLSDFKPGVQWEIVIHEPIKHDGTADLIPSKAKVWDIDMGHARDYPKMIPLLKSAGKFVICYFNAGAVQAWDEDKNQFPKAVIGHSLAYPYDSEEWYLDIRDSTVLKLQKARLDVAAKIGCDAVDPDNVDAWQQDEEDPTGFKLKSSDYTKYLKSLAEYAHSIKTKDGNPLLVGQKNAPEIAEDLVSSLDFAVLESCRGTTDPKEENWPFCEDFQTYIDAGKPVLQIEYPPSVEKTGKLSSSDKTYYCTSKEEDKGFSKIIKWASAQLDGWGQYCGEEPFRTPVIKE,1.2,0,1,0,0
42,SEQ_ID_104,FTPHGFTTPKRKELWQPEVGTPWQIILSEVIKVPKAGVSSMTPDVPIWDMDLFENSKSTITAMQKGGKKVICYFSAGSWENWRKDKDSFPKKDLGKVMDGWPDERWVNISSVAVRAIMAQRIKLAAEKGCDAIDPDNMDGYQNDNGLGLTEEDTISYVKFLSAEAAKYNMVMGMKNGGDVAEEVLPYVAFCINESCIQYSECDLYQPYIDAGKPVFNIEYPKGAPKVKAKDKKKICSTSGAAEGSDDFSKVIKKVNLDKWVLYC,0.12,1,0,1,0
43,SEQ_ID_106,KPAAAASSALFELSDFKPGVEWEIVLHQPIKHDTIADLIPSKAKVWDIDMGHGRDYPEMIPLLKGAGKFVICYFNAGALQSWDKDIKQFPKAVIGHSLAYPYDSEEWYLDIRDSTVLKLQKARLDVAAKIGCDAVDPDNVDAWQQDGEDPTGFKLKPSDYTKYLKNLAEYAHSIKTKDGNRLLVGQKNSPEIAEDLVSTLDFAVLESCRGTTDPDEENWPFCEDFQTYIDAGKPVLQIEYPPSVEKTGKLSSSDNAYYCTPKGEDKGFSKILKWASAQLDGWGQFCGDDPFRTPVINE,0.62,1,1,0,0
44,SEQ_ID_107,IATRGVSLPKRKELWKPEVGTPWQIILSEVITLPEGGADDLSPDVTIWDMDLFENTKETISAMQESGKRVICYFSAGSWENWRKDKNSFPKKDLGKTLSGWPDEKWVNISSAAVRAIMAKRIKQAADKGCDAIDPDNMDGYQNDNGLGLTQKDTISYVKFLSAEAAKYNMVMGMKNGGDVTKQVLSYVAFCINESCIQYQECDLYTPYIKAGKPVFNIEYPKGAPKVKDSDKKKICATAGDAKGSKGFSKVIKKMNLDSWVMYC,0.23,1,1,0,0
45,SEQ_ID_136,APLPAPHSVTLPAPHAGFDYQIGGPYTPPSGVQVVSRDHSAPAAAGVYNICYVNAFQAQPGAEGEWGDLVLRDGNGDVVMDPDWNEALLDLRTADKRSRIADKVGGWIDECAGKGYQAIEPDNYDSFTRSQGLLSARNAQGLVKLLSSRAHGKGLAIAQKNTSELSSSRADNGLDFAVAEECGEQDNCAEYTQYFGDHVIVIEYTEDGLRNACATWGSSLSVVRRDRDVTPKGESGYVRETC,1.93,0,0,1,0
46,SEQ_ID_137,GGPAVGGTSPVPDAARTTTTDATTAGVVELPPTSGILDYQLGGAYDQVDAGSGPVAPDVVVRDATAAPLPGAYNVCYVNGFQTQPDDADLWLDHEELLLHDAGGELVIDPDWPDEFVLDPSTAAQRDGILDLLGPVVTGCADDGFDAVEIDNLDTWTRFDQIDEAGAHALATAYVGLAHDAGLAIAQKNAAEITQVAHDDLGFDFAVTEECAVWDECSAYTDVYGDHVLQVEYPGPLAGEGLTFADVCALGDRAPLTVLRDLYLVTPDTDVSGFDPVEETGEPYSYVFETC,1.61,0,1,0,0
47,SEQ_ID_138,ASSPALPPVHAGFDYQIGGAYTPPSGVKVVSRDHEASPAAGLYNICYVNAFQAQPGAEKGWDSDLLLRKANGDVVYDTNWGEALLDLRTADKRRRVAEKVDGWIDGCADKGFQAVEPDNYDSYTRSSKLLSAADAEAYITLLSQHAHDRGLAIAQKNTSQLSGDRAKTGLDFAIAEECGTWDECGDYTDAFGSNVIVIEYTDKGLSKACSGWGDRLSVVERDLDVSPSGSKGYVRKTC,0.87,0,0,1,0
48,SEQ_ID_139,GPVQARPTGSAPTTVAPAPDATTTPSADAGTTTGPTPSASATPSPTPSPTATATAPASAGPTAAPAPTPTSATPAPVPAGLGRIVVDYQLGGAYALGPGVGGVVRDSTSEPAPGAYSICYVNGFQTQPDERTTWLREHPVLLLRDAAGRVVADPGWPDEVLLDTSTDDKRARLAAVVGASLQRCADAGFDAVELDNLDSYTRSGGLLTADDALATAARYVAVAHGLGLAVGQKNAADLTRRGHDEVGFDFAVAEECHRWDECGAYTDVYGDQVIDVEYADDLRGTFAEVCADPQTPFSTVLRDHDLTTPASRAHVLEVCPRG,1.58,0,0,1,0
49,SEQ_ID_140,SSVPTTSPAAVTLPPTDGIFDYQLGGAYDTVDAGEGPTAIDVVVRDATAEPLPGAYSVCYVNGFQTQPDQADLWEGREDLLLHDADGGLVVDPEWPDEHVLDPSTAAQRDGILEVLGPVVTGCADAGFDAVELDNLDTWTRFDAIDEAGAYALAQAYVDLAHGAGLAVAQKNAAEISRTAHDELGFDLAVTEECTAWDECAAYTDVYGDHVLQVEYPDTLDDAGLTFADVCALDDRAPLTILRDRDLVAAGEDGHVYDAC,1.32,0,0,0,1
50,SEQ_ID_141,SGPPSTGGAVRLPPQGAGFDYQLGGAYPPSDGVDIVVRDRTAPPAGAGYDVCYVNGFQTQPEDSAAVARDRPELLVAGVDGPLVDAGWPDEYLFDTSSEASRSQLVDLVGEQIRGCAADGYAAVEIDNLDSYTRSDGALTWGDNRSLAEAYVRIAHDAGLAVAQKNTAEHAEELAAAGFDFAVAESCAAFAECDDYSAVYPAVLDVEYVDETSRDDFLAACGDADPRVSMIRRDLQLVAPPASGHVFEACAS,1.43,0,1,0,0
51,SEQ_ID_142,ATTAAVTPPPVKAGFDYQIGGAYTPASDVKVVSRDHTAQPAKGLYNICYVNAFQAQPGAEGEWGDLLLRDANGNVVIDEDWDEALLDLRTADKRQRVAAKVDAWVDDCAAKGYQGVEPDNFDSYTRSRGLLSDSDAQAYIRLLSAHAHAKGLAIAQKNTSELSDQRQANGLDFAIAEECGQQKNCGEFTPAFGDHVIVIEYTDGGLKTACSRWSSLSIVRRDHDVVPKGEAGYVRKTC,1.11,0,0,0,1
52,SEQ_ID_143,HSPSSGVTLPPSGAVPDYQLGGAYAPGPEVGIVGRDRSAEPVPGVYSICYVNGFQTQPGELADWPRDLLLQRGGEVVFDPDWPDEALLDTSTAEHRDRISETVKPWIDECADAGFDAVEFDNLDSYSRSDGSLSFDDNRALASLLVDAAHTAGLAAGQKNAAEDAAPLRARADFDFAVTEECAAYEECEAYTSVYGDHVIDIEYADELPRSFAEMCADDASPAAMVLRDRDLVTPDDGAYVFETCG,0.62,1,0,0,1
53,SEQ_ID_144,PSETSPTSGGGEATETANAFALPPAGATPDYQLGGAYQPADGVGIVGRDRSDDPAEGLYSICYVNGFQTQPGELDTWPDDLLLQRDGAPVFDPDWPDEALLDTSSDDRRSRIADIVGPWIEGCADAGFDAVEFDNLDSYTRSDGALALDDNLALATLLVDVAHEAGLAAGQKNAAEDAAALHQRAGFDFAVVEECGAYEECPAFTDVYGDAVVDIEYSDELPRAFAEMCADDESPASMVLRDRDLLTPDSDGYMFETCP,1.48,0,1,0,0
54,SEQ_ID_145,ATTPATQQTSPSTSAHRPASGTTTSRSVAAFPAGEPFDYQIGGAFPAAAGVRVVSHDRAERPDPNRYSVCYVNGYQAQPQELAWWQAQHPELLLRDATGRLVIDEDWDEALLDLRTAARRSALVTVIGAWVAGCAGDGFDAVELDNLDSYLRSDGLLTPSDALALATALAEEAHRHGLAVGQKNAPELAARLSSAGYDFAVAEECAEYAECDVYTSAYGAAVVDIEYTRAAFRKACRDPSHPPTTLRDHDVSPPGRPGFVDERC,1.4,0,0,0,1
